Periodo detencao (anos),N. de participacoes SCR,% Part SCR,% Valor SCR,N. de participacoes FCR,% Part FCR,% Valor FCR,N. de participacoes Total,% Part Total,% Valor Total
[0-2],24,20.68965517,4.90%,267,42.24683544,31.70%,291,38.90374332,23.90%
]2-4],28,24.13793103,14.40%,108,17.08860759,9.70%,136,18.18181818,11.10%
]4-6],18,15.51724138,61.70%,102,16.13924051,21.80%,120,16.04278075,33.50%
]6-8],10,8.620689655,3.20%,81,12.8164557,24.10%,91,12.1657754,17.90%
]8-10],8,6.896551724,3.20%,41,6.487341772,10.50%,49,6.550802139,8.30%
>10,28,24.13793103,12.60%,33,5.221518987,2.30%,61,8.155080214,5.30%
Total,116,100,100.00%,632,100,100.10%,748,100,100.00%